<?xml version="1.0" encoding="UTF-8"?>
<project-private xmlns="http://www.netbeans.org/ns/project-private/1">
    <editor-bookmarks xmlns="http://www.netbeans.org/ns/editor-bookmarks/2" lastBookmarkId="0"/>
    <open-files xmlns="http://www.netbeans.org/ns/projectui-open-files/2">
        <group>
            <file>file:/C:/Users/HOME/OneDrive/Documents/NetBeansProjects/student_module/web/All/admin.jsp</file>
            <file>file:/C:/Users/HOME/OneDrive/Documents/NetBeansProjects/student_module/web/All/view.jsp</file>
            <file>file:/C:/Users/HOME/OneDrive/Documents/NetBeansProjects/student_module/web/All/company_view.jsp</file>
            <file>file:/C:/Users/HOME/OneDrive/Documents/NetBeansProjects/student_module/web/All/post.jsp</file>
            <file>file:/C:/Users/HOME/OneDrive/Documents/NetBeansProjects/student_module/web/All/applied.jsp</file>
            <file>file:/C:/Users/HOME/OneDrive/Documents/NetBeansProjects/student_module/web/All/register.jsp</file>
        </group>
    </open-files>
</project-private>
